epoch,steps,cosine_pearson,cosine_spearman
1.0,8,0.9947325468666484,0.8673649643743679
2.0,16,0.9876058815742901,0.8673649643743679
3.0,24,0.9852639890008524,0.8673649643743679
4.0,32,0.9862037917042575,0.8673649643743679
5.0,40,0.9863423995009265,0.8673649643743679
